Title,Company,Location,Date Posted,Link
"NewSenior Python DeveloperOxidianAny, European Union",NewSenior Python DeveloperOxidian,"Any, European Union",12 August 2025,https://www.python.org/jobs/7944/
"NewSenior Back-end Software EngineerPioStavanger, Norway",NewSenior Back-end Software EngineerPio,"Stavanger, Norway",08 August 2025,https://www.python.org/jobs/7943/
"NewSenior Python DeveloperBrightwaterDublin, Dublin, Ireland",NewSenior Python DeveloperBrightwater,"Dublin, Dublin, Ireland",07 August 2025,https://www.python.org/jobs/7942/
"NewLead Developer, Python, AWS, MedTech - BotleyCorriculo LtdHigh Street, Botley, UK","NewLead Developer, Python, AWS, MedTech - BotleyCorriculo Ltd","High Street, Botley, UK",04 August 2025,https://www.python.org/jobs/7941/
"NewSenior Software Developer (Python)WorkleapCanada - remote, remote in Canada, Canada",NewSenior Software Developer (Python)Workleap,"Canada - remote, remote in Canada, Canada",31 July 2025,https://www.python.org/jobs/7939/
"NewPrincipal Python EngineerTeramindWarsaw, Poland",NewPrincipal Python EngineerTeramind,"Warsaw, Poland",29 July 2025,https://www.python.org/jobs/7938/
"NewPython Software Engineer. AI driven Helpdesk. RASA integrationI-GTMLondon, London, United Kingdom",NewPython Software Engineer. AI driven Helpdesk. RASA integrationI-GTM,"London, London, United Kingdom",28 July 2025,https://www.python.org/jobs/7937/
"NewSenior Full Stack Engineer - React/Python in Toronto.TechedInToronto, Ontario, Canada",NewSenior Full Stack Engineer - React/Python in Toronto.TechedIn,"Toronto, Ontario, Canada",24 July 2025,https://www.python.org/jobs/7936/
"NewSenior Software EngineerLinden LabSan Francisco, California, United States",NewSenior Software EngineerLinden Lab,"San Francisco, California, United States",22 July 2025,https://www.python.org/jobs/7935/
"NewSenior Software EngineerLoginsoftHyderabad, Telangana, India",NewSenior Software EngineerLoginsoft,"Hyderabad, Telangana, India",21 July 2025,https://www.python.org/jobs/7933/
"Senior Python DeveloperMPS Group LLCBogotá, Medellin or Cartagena, Cundinamarca, Antioquia or Bolivar, Colombia",Senior Python DeveloperMPS Group LLC,"Bogotá, Medellin or Cartagena, Cundinamarca, Antioquia or Bolivar, Colombia",11 July 2025,https://www.python.org/jobs/7931/
"Senior Backend EngineerProwlerFull remote, Full remote, Full remote",Senior Backend EngineerProwler,"Full remote, Full remote, Full remote",10 July 2025,https://www.python.org/jobs/7929/
"Software Engineer – Platform & SystemsCrossTerraSan Francisco, CA, United States",Software Engineer – Platform & SystemsCrossTerra,"San Francisco, CA, United States",10 July 2025,https://www.python.org/jobs/7928/
"Senior Python Developer ONSITEFoxley TalentBrooklyn, NY, United States",Senior Python Developer ONSITEFoxley Talent,"Brooklyn, NY, United States",08 July 2025,https://www.python.org/jobs/7926/
"Open Source Software EngineerStealth AI StartupRemote, Global",Open Source Software EngineerStealth AI Startup,"Remote, Global",05 July 2025,https://www.python.org/jobs/7925/
"Python Software Engineer InternHypothesisBaseRemote, Remote, USA",Python Software Engineer InternHypothesisBase,"Remote, Remote, USA",03 July 2025,https://www.python.org/jobs/7923/
"Full Stack DeveloperThe Patrick J. McGovern FoundationRemote, Remote, United States of America",Full Stack DeveloperThe Patrick J. McGovern Foundation,"Remote, Remote, United States of America",30 June 2025,https://www.python.org/jobs/7921/
"Senior Python DeveloperEA STRATEGY SASMedellin Cartagena Bogota, cundinamarca Antioquia bolivar, Colombia",Senior Python DeveloperEA STRATEGY SAS,"Medellin Cartagena Bogota, cundinamarca Antioquia bolivar, Colombia",26 June 2025,https://www.python.org/jobs/7920/
"Senior Backend Python DeveloperGravitas RecruitmentLondon, Greater London, United Kingdom",Senior Backend Python DeveloperGravitas Recruitment,"London, Greater London, United Kingdom",25 June 2025,https://www.python.org/jobs/7919/
"Python Engineering ManagerPicnic TechnologiesAmsterdam, The Netherlands",Python Engineering ManagerPicnic Technologies,"Amsterdam, The Netherlands",25 June 2025,https://www.python.org/jobs/7917/
"Sr Data EngineerPicnic TechnologiesAmsterdam, The Netherlands",Sr Data EngineerPicnic Technologies,"Amsterdam, The Netherlands",25 June 2025,https://www.python.org/jobs/7916/
"AI DeveloperLogixBasel, Switzerland, Switzerland",AI DeveloperLogix,"Basel, Switzerland, Switzerland",14 June 2025,https://www.python.org/jobs/7914/
"Senior Back-End Python EngineerActive PrimeRemote, Remote, Remote",Senior Back-End Python EngineerActive Prime,"Remote, Remote, Remote",12 June 2025,https://www.python.org/jobs/7913/
"Software Developer – Infrastructure and Systems Support (Ref. TEC-IT-25-8)European Gravitational Observatory (EGO)Cascina (PI), Tuscany, Italy",Software Developer – Infrastructure and Systems Support (Ref. TEC-IT-25-8)European Gravitational Observatory (EGO),"Cascina (PI), Tuscany, Italy",10 June 2025,https://www.python.org/jobs/7880/
"CNO Python Software EngineerManTechHanover, US",CNO Python Software EngineerManTech,"Hanover, US",09 June 2025,https://www.python.org/jobs/7879/
